{"cameraMode":{"drawMode":0,"name":"Shaded","section":"Shading Mode"},"sceneLighting":false,"audioPlay":false,"sceneViewState":{"showFog":true,"showMaterialUpdate":false,"showSkybox":true,"showFlares":true,"showImageEffects":true,"showParticleSystems":true},"in2DMode":false,"pivot":{"x":9.539999961853028,"y":1.559999942779541,"z":13.90999984741211},"rotation":{"x":-0.6363074779510498,"y":-0.02960342727601528,"z":0.02444813773036003,"w":-0.7704795598983765},"size":5.7157673835754398,"orthographic":false}