{"cameraMode":{"drawMode":0,"name":"Shaded","section":"Shading Mode"},"sceneLighting":false,"audioPlay":false,"sceneViewState":{"showFog":true,"showMaterialUpdate":false,"showSkybox":true,"showFlares":true,"showImageEffects":true,"showParticleSystems":true},"in2DMode":false,"pivot":{"x":515.334228515625,"y":221.82008361816407,"z":5.971715450286865},"rotation":{"x":-0.5537956953048706,"y":0.16279910504817964,"z":-0.11145132780075073,"w":-0.8089409470558167},"size":8.800524711608887,"orthographic":false}